 	trait0	trait1	trait2	trait3	trait4	trait5	trait6	trait7
trait0	3.4849	1.41873	4.66156	-1.93704	-6.79352	1.06896	-3.67439	3.74914
trait1	1.41873	0.899825	1.19793	-0.224177	-1.87734	0.460507	-1.12767	1.36444
trait2	4.66156	1.19793	9.86953	-5.48804	-13.5216	1.03699	-6.63082	5.94578
trait3	-1.93704	-0.224177	-5.48804	3.63488	7.43602	-0.229479	3.51426	-2.70287
trait4	-6.79352	-1.87734	-13.5216	7.43602	18.8509	-1.56693	9.36088	-8.41925
trait5	1.06896	0.460507	1.03699	-0.229479	-1.56693	0.606504	-0.895592	1.04641
trait6	-3.67439	-1.12767	-6.63082	3.51426	9.36088	-0.895592	5.03611	-4.4041
trait7	3.74914	1.36444	5.94578	-2.70287	-8.41925	1.04641	-4.4041	4.50431
