trait0	trait1	trait2	trait3	trait4	trait5	trait6	trait7
0.811336
1.8457
-1.01174
1.53243
-3.64793
6.88343
-0.387402
2.96093
