trait0	trait1	trait2	trait3	trait4	trait5	trait6	trait7
1.42637
1.19237
-0.753579
1.35018
-3.14449
6.69183
-0.175171
4.72735
