 	trait0	trait1	trait2	trait3	trait4	trait5	trait6	trait7
trait0	0.413674	0.286508	-0.156895	0.0330784	-0.278822	0.260633	-0.449995	-0.157131
trait1	0.286508	0.853093	-0.195366	-0.0961982	-0.494949	0.271586	-0.0345628	-0.105366
trait2	-0.156895	-0.195366	0.251405	0.0613329	0.0883107	-0.169211	0.0484357	-0.0560156
trait3	0.0330784	-0.0961982	0.0613329	0.314784	0.0216078	-0.190131	-0.0879698	-0.080426
trait4	-0.278822	-0.494949	0.0883107	0.0216078	0.550666	-0.308981	0.301132	0.17543
trait5	0.260633	0.271586	-0.169211	-0.190131	-0.308981	0.540181	-0.377831	-0.0199939
trait6	-0.449995	-0.0345628	0.0484357	-0.0879698	0.301132	-0.377831	0.855896	0.271209
trait7	-0.157131	-0.105366	-0.0560156	-0.080426	0.17543	-0.0199939	0.271209	0.251783
