trait0	trait1	trait2	trait3	trait4	trait5	trait6	trait7
-2.87411
2.49877
4.08077
4.20138
-0.164832
6.40857
-1.24268
4.25059
