trait0	trait1	trait2	trait3	trait4	trait5	trait6	trait7
-2.08234
2.30722
2.91897
4.03225
0.0165346
4.98778
-1.28199
3.69757
