 	trait0	trait1	trait2	trait3	trait4	trait5	trait6	trait7
trait0	0.196109	0.065786	-0.0760407	0.0409869	0.0978684	-0.111678	0.00315734	0.0914878
trait1	0.065786	0.328523	-0.0240857	0.163526	0.118113	-0.122159	-0.119243	0.359226
trait2	-0.0760407	-0.0240857	0.232511	-0.101467	-0.0111025	0.271934	-0.0223865	-0.178611
trait3	0.0409869	0.163526	-0.101467	0.408976	0.0946983	-0.239588	-0.192795	0.5989
trait4	0.0978684	0.118113	-0.0111025	0.0946983	0.249721	-0.0737897	0.0253838	0.104573
trait5	-0.111678	-0.122159	0.271934	-0.239588	-0.0737897	0.585131	0.110877	-0.42743
trait6	0.00315734	-0.119243	-0.0223865	-0.192795	0.0253838	0.110877	0.271311	-0.395689
trait7	0.0914878	0.359226	-0.178611	0.5989	0.104573	-0.42743	-0.395689	1.13464
