trait0	trait1	trait2	trait3	trait4	trait5	trait6	trait7
-1.52805
0.279912
-1.74176
-0.773483
-0.978323
0.0636167
-0.493679
4.87105
