trait0	trait1	trait2	trait3	trait4	trait5	trait6	trait7
-0.5663
-0.182515
-0.754197
-0.383914
-0.923015
-0.200626
-1.42594
4.59072
