trait0	trait1	trait2	trait3	trait4	trait5	trait6	trait7
3.42234
-1.2215
-2.45082
1.90679
0.736409
-4.05602
-3.78489
0.355231
