trait0	trait1	trait2	trait3	trait4	trait5	trait6	trait7
2.63215
-1.7966
-1.93246
0.0823949
-1.91036
-2.68166
-3.43817
0.988181
